{"properties":{"connectionReferences":{},"definition":{"$schema":"https://schema.management.azure.com/providers/Microsoft.Logic/schemas/2016-06-01/workflowdefinition.json#","contentVersion":"1.0.0.0","parameters":{"$authentication":{"defaultValue":{},"type":"SecureObject"}},"triggers":{"manual":{"type":"Request","kind":"PowerApp","inputs":{"schema":{"type":"object","properties":{"Initvariablesearchstring_Value":{"type":"string","description":"Enter initial value","x-ms-powerflows-param-ispartial":false},"Initivariableactiontype_Value":{"type":"string","description":"Enter initial value","x-ms-powerflows-param-ispartial":false}},"required":["Initvariablesearchstring_Value","Initivariableactiontype_Value"]}}}},"actions":{"Init_variable_search_string":{"runAfter":{},"type":"InitializeVariable","inputs":{"variables":[{"name":"SearchString","type":"string","value":"@{triggerBody()['Initvariablesearchstring_Value']}"}]}},"Init_variable_search_results":{"runAfter":{"Init_variable_query_string":["Succeeded"]},"type":"InitializeVariable","inputs":{"variables":[{"name":"SearchResults","type":"string"}]}},"HTTP_Graph_Users":{"runAfter":{"Switch":["Succeeded"]},"type":"Http","inputs":{"method":"GET","uri":"@variables('Query String')","headers":{"contentType":"application/JSON"},"authentication":{"type":"ActiveDirectoryOAuth","tenant":"ENTER_TENANT_GUID","audience":"https://graph.microsoft.com","clientId":"ENTER_CLIENT_GUID","secret":"ENTER_CLIENT_SECRET"}}},"Set_variable":{"runAfter":{"HTTP_Graph_Users":["Succeeded"]},"type":"SetVariable","inputs":{"name":"SearchResults","value":"@{body('HTTP_Graph_Users')?['value']}"}},"Response":{"runAfter":{"Set_variable":["Succeeded"]},"type":"Response","kind":"Http","inputs":{"statusCode":200,"body":"@variables('SearchResults')","schema":{"type":"array","items":{"type":"object","properties":{"id":{"type":"string"},"displayName":{"type":"string"},"givenName":{"type":"string"},"surname":{"type":"string"},"mail":{"type":"string"},"jobTitle":{"type":"string"},"userPrincipalName":{"type":"string"}},"required":["id","displayName","givenName","surname","mail","jobTitle","userPrincipalName"]}}}},"Initi_variable_action_type":{"runAfter":{"Init_variable_search_string":["Succeeded"]},"type":"InitializeVariable","inputs":{"variables":[{"name":"ActionType","type":"string","value":"@{triggerBody()['Initivariableactiontype_Value']}"}]}},"Switch":{"runAfter":{"Init_variable_search_results":["Succeeded"]},"cases":{"Case_Users":{"case":"Users","actions":{"Set_variable_-_Query_String_(Users)":{"runAfter":{},"type":"SetVariable","inputs":{"name":"Query String","value":"https://graph.microsoft.com/v1.0/users?$count=true&$filter=startsWith(userPrincipalName,'@{variables('SearchString')}')&$select=id,displayName,givenName,surName,mail,jobTitle,userPrincipalName"}}}},"Case_Employees":{"case":"Employees","actions":{"Set_variable_-_Query_String_(Employees)":{"runAfter":{},"type":"SetVariable","inputs":{"name":"Query String","value":"https://graph.microsoft.com/beta/users?$count=true&$filter=companyName%20eq%20'@{variables('SearchString')}'&$select=id,displayName,givenName,surName,mail,jobTitle,userPrincipalName"}}}}},"default":{"actions":{}},"expression":"@variables('ActionType')","type":"Switch"},"Init_variable_query_string":{"runAfter":{"Initi_variable_action_type":["Succeeded"]},"type":"InitializeVariable","inputs":{"variables":[{"name":"Query String","type":"string"}]}}},"outputs":{}}},"schemaVersion":"1.0.0.0"}