{"properties":{"connectionReferences":{},"definition":{"$schema":"https://schema.management.azure.com/providers/Microsoft.Logic/schemas/2016-06-01/workflowdefinition.json#","contentVersion":"1.0.0.0","parameters":{"$authentication":{"defaultValue":{},"type":"SecureObject"}},"triggers":{"manual":{"type":"Request","kind":"PowerApp","inputs":{"schema":{"type":"object","properties":{"Initvariablesearchstring_Value":{"type":"string","description":"Enter initial value","x-ms-powerflows-param-ispartial":false},"Initvariableactiontype_Value":{"type":"string","description":"Enter initial value","x-ms-powerflows-param-ispartial":false}},"required":["Initvariablesearchstring_Value","Initvariableactiontype_Value"]}}}},"actions":{"Init_variable_search_string":{"runAfter":{},"type":"InitializeVariable","inputs":{"variables":[{"name":"SearchString","type":"string","value":"@{triggerBody()['Initvariablesearchstring_Value']}"}]}},"Init_variable_action_type":{"runAfter":{"Init_variable_search_string":["Succeeded"]},"type":"InitializeVariable","inputs":{"variables":[{"name":"ActionType","type":"string","value":"@{triggerBody()['Initvariableactiontype_Value']}"}]}},"Init_variable_query_string":{"runAfter":{"Init_variable_action_type":["Succeeded"]},"type":"InitializeVariable","inputs":{"variables":[{"name":"QueryString","type":"string","value":"https://graph.microsoft.com/v1.0/groups/?$filter=displayName%20eq%20'Avengers'&$select=id,mail,displayName"}]}},"Init_variable_search_results":{"runAfter":{"Init_variable_query_string":["Succeeded"]},"type":"InitializeVariable","inputs":{"variables":[{"name":"SearchResults","type":"string"}]}},"HTTP_Get_Group_Id":{"runAfter":{"Init_variable_search_results":["Succeeded"]},"type":"Http","inputs":{"method":"GET","uri":"@variables('QueryString')","headers":{"contentType":"application/JSON"},"authentication":{"type":"ActiveDirectoryOAuth","tenant":"ENTER_TENANT_GUID","audience":"https://graph.microsoft.com","clientId":"ENTER_CLIENT_GUID","secret":"ENTER_CLIENT_SECRET"}}},"Init_variable_Group_Id":{"runAfter":{"HTTP_Get_Group_Id":["Succeeded"]},"type":"InitializeVariable","inputs":{"variables":[{"name":"Group Id","type":"string","value":"@{body('HTTP_Get_Group_Id')?['value'][0]?['id']}"}]}},"Set_variable_query_string":{"runAfter":{"Init_variable_Group_Id":["Succeeded"]},"type":"SetVariable","inputs":{"name":"QueryString","value":"https://graph.microsoft.com/v1.0/groups/@{variables('Group Id')}/members?$select=id,displayName,givenName,surName,mail,jobTitle,userPrincipalName"}},"HTTP_Graph_Users":{"runAfter":{"Set_variable_query_string":["Succeeded"]},"type":"Http","inputs":{"method":"GET","uri":"@variables('QueryString')","headers":{"contentType":"application/JSON"},"authentication":{"type":"ActiveDirectoryOAuth","tenant":"ENTER_TENANT_GUID","audience":"https://graph.microsoft.com","clientId":"ENTER_CLIENT_GUID","secret":"ENTER_CLIENT_SECRET"}}},"Set_variable_search_results":{"runAfter":{"HTTP_Graph_Users":["Succeeded"]},"type":"SetVariable","inputs":{"name":"SearchResults","value":"@{body('HTTP_Graph_Users')?['value']}"}},"Response":{"runAfter":{"Set_variable_search_results":["Succeeded"]},"type":"Response","kind":"Http","inputs":{"statusCode":200,"body":"@variables('SearchResults')","schema":{"type":"array","items":{"type":"object","properties":{"id":{"type":"string"},"displayName":{"type":"string"},"givenName":{"type":"string"},"surname":{"type":"string"},"mail":{"type":"string"},"jobTitle":{"type":"string"},"userPrincipalName":{"type":"string"}},"required":["id","displayName","givenName","surname","mail","jobTitle","userPrincipalName"]}}}}},"outputs":{}}},"schemaVersion":"1.0.0.0"}